{
  "master": {
    "awscloudformation": {
      "AuthRoleName": "amplify-subsidiumfrontend-master-200341-authRole",
      "UnauthRoleArn": "arn:aws:iam::807369105942:role/amplify-subsidiumfrontend-master-200341-unauthRole",
      "AuthRoleArn": "arn:aws:iam::807369105942:role/amplify-subsidiumfrontend-master-200341-authRole",
      "Region": "us-east-1",
      "DeploymentBucketName": "amplify-subsidiumfrontend-master-200341-deployment",
      "UnauthRoleName": "amplify-subsidiumfrontend-master-200341-unauthRole",
      "StackName": "amplify-subsidiumfrontend-master-200341",
      "StackId": "arn:aws:cloudformation:us-east-1:807369105942:stack/amplify-subsidiumfrontend-master-200341/51c36910-3dd6-11ed-aac3-0a3226a3ac21",
      "AmplifyAppId": "d3w2h1annrwdni"
    },
    "categories": {
      "auth": {
        "users": {}
      },
      "storage": {
        "images": {}
      }
    }
  }
}