{
  "api": {
    "subsidiumfrontend": {
      "service": "AppSync",
      "providerPlugin": "awscloudformation",
      "dependsOn": [],
      "output": {
        "authConfig": {
          "defaultAuthentication": {
            "authenticationType": "API_KEY",
            "apiKeyConfig": {
              "apiKeyExpirationDays": 7
            }
          },
          "additionalAuthenticationProviders": []
        }
      }
    }
  },
  "auth": {
    "users": {
      "service": "Cognito",
      "providerPlugin": "awscloudformation",
      "dependsOn": [],
      "customAuth": false,
      "frontendAuthConfig": {
        "socialProviders": [],
        "usernameAttributes": [],
        "signupAttributes": [
          "EMAIL",
          "FAMILY_NAME",
          "NAME"
        ],
        "passwordProtectionSettings": {
          "passwordPolicyMinLength": "12",
          "passwordPolicyCharacters": [
            "REQUIRES_LOWERCASE",
            "REQUIRES_UPPERCASE",
            "REQUIRES_NUMBERS",
            "REQUIRES_SYMBOLS"
          ]
        },
        "mfaConfiguration": "OFF",
        "mfaTypes": [
          "SMS"
        ],
        "verificationMechanisms": [
          "EMAIL"
        ]
      }
    }
  },
  "storage": {
    "images": {
      "service": "S3",
      "providerPlugin": "awscloudformation",
      "dependsOn": []
    }
  }
}