{
  "version": "1",
  "cognitoConfig": {
    "identityPoolName": "users_identitypool_43770484",
    "allowUnauthenticatedIdentities": true,
    "resourceNameTruncated": "subsidd3789242",
    "userPoolName": "users",
    "autoVerifiedAttributes": [
      "email"
    ],
    "mfaConfiguration": "OFF",
    "mfaTypes": [
      "SMS Text Message"
    ],
    "smsAuthenticationMessage": "Your authentication code is {####}",
    "smsVerificationMessage": "Your verification code is {####}",
    "emailVerificationSubject": "Codigo de Verificacion",
    "emailVerificationMessage": "Su codigo de verificacion es {####}.",
    "defaultPasswordPolicy": true,
    "passwordPolicyMinLength": "12",
    "passwordPolicyCharacters": [
      "Requires Lowercase",
      "Requires Uppercase",
      "Requires Numbers",
      "Requires Symbols"
    ],
    "requiredAttributes": [
      "email",
      "family_name",
      "name"
    ],
    "aliasAttributes": [],
    "userpoolClientGenerateSecret": false,
    "userpoolClientRefreshTokenValidity": 30,
    "userpoolClientWriteAttributes": [
      "email"
    ],
    "userpoolClientReadAttributes": [
      "email"
    ],
    "userpoolClientLambdaRole": "usersd3789242_userpoolclient_lambda_role",
    "userpoolClientSetAttributes": false,
    "sharedId": "d3789242",
    "resourceName": "users",
    "authSelections": "identityPoolAndUserPool",
    "useDefault": "manual",
    "userPoolGroups": false,
    "adminQueries": false,
    "triggers": {},
    "hostedUI": false,
    "userPoolGroupList": [],
    "serviceName": "Cognito",
    "usernameCaseSensitive": false,
    "useEnabledMfas": true,
    "authRoleArn": {
      "Fn::GetAtt": [
        "AuthRole",
        "Arn"
      ]
    },
    "unauthRoleArn": {
      "Fn::GetAtt": [
        "UnauthRole",
        "Arn"
      ]
    },
    "breakCircularDependency": true,
    "dependsOn": []
  }
}