{
    "UserAgent": "aws-amplify/cli",
    "Version": "0.1.0",
    "IdentityManager": {
        "Default": {}
    },
    "AppSync": {
        "Default": {
            "ApiUrl": "https://hdexcqaxmjbotnwhj5w3hq4gwq.appsync-api.us-east-1.amazonaws.com/graphql",
            "Region": "us-east-1",
            "AuthMode": "API_KEY",
            "ApiKey": "da2-2zy62jjhebflhdxwykj63lxoha",
            "ClientDatabasePrefix": "subsidiumfrontend_API_KEY"
        }
    },
    "CredentialsProvider": {
        "CognitoIdentity": {
            "Default": {
                "PoolId": "us-east-1:10a96374-24d6-4aeb-80f1-37426e816faa",
                "Region": "us-east-1"
            }
        }
    },
    "CognitoUserPool": {
        "Default": {
            "PoolId": "us-east-1_K6vc0ud0N",
            "AppClientId": "6hbb58ofojvbodluj63pqsg7fo",
            "Region": "us-east-1"
        }
    },
    "Auth": {
        "Default": {
            "authenticationFlowType": "USER_SRP_AUTH",
            "socialProviders": [],
            "usernameAttributes": [],
            "signupAttributes": [
                "EMAIL",
                "FAMILY_NAME",
                "NAME"
            ],
            "passwordProtectionSettings": {
                "passwordPolicyMinLength": "12",
                "passwordPolicyCharacters": [
                    "REQUIRES_LOWERCASE",
                    "REQUIRES_UPPERCASE",
                    "REQUIRES_NUMBERS",
                    "REQUIRES_SYMBOLS"
                ]
            },
            "mfaConfiguration": "OFF",
            "mfaTypes": [
                "SMS"
            ],
            "verificationMechanisms": [
                "EMAIL"
            ]
        }
    },
    "S3TransferUtility": {
        "Default": {
            "Bucket": "subsidiumfrontend0043e09c27f94c5ebd997822f58c1a200341-master",
            "Region": "us-east-1"
        }
    }
}