{
  "providers": {
    "awscloudformation": {
      "AuthRoleName": "amplify-subsidiumfrontend-master-200341-authRole",
      "UnauthRoleArn": "arn:aws:iam::807369105942:role/amplify-subsidiumfrontend-master-200341-unauthRole",
      "AuthRoleArn": "arn:aws:iam::807369105942:role/amplify-subsidiumfrontend-master-200341-authRole",
      "Region": "us-east-1",
      "DeploymentBucketName": "amplify-subsidiumfrontend-master-200341-deployment",
      "UnauthRoleName": "amplify-subsidiumfrontend-master-200341-unauthRole",
      "StackName": "amplify-subsidiumfrontend-master-200341",
      "StackId": "arn:aws:cloudformation:us-east-1:807369105942:stack/amplify-subsidiumfrontend-master-200341/51c36910-3dd6-11ed-aac3-0a3226a3ac21",
      "AmplifyAppId": "d3w2h1annrwdni"
    }
  },
  "api": {
    "subsidiumfrontend": {
      "service": "AppSync",
      "providerPlugin": "awscloudformation",
      "dependsOn": [],
      "output": {
        "authConfig": {
          "defaultAuthentication": {
            "authenticationType": "API_KEY",
            "apiKeyConfig": {
              "apiKeyExpirationDays": 7
            }
          },
          "additionalAuthenticationProviders": []
        },
        "GraphQLAPIIdOutput": "6qfaodpi65gy5gaudyx6zc56ke",
        "GraphQLAPIEndpointOutput": "https://hdexcqaxmjbotnwhj5w3hq4gwq.appsync-api.us-east-1.amazonaws.com/graphql",
        "GraphQLAPIKeyOutput": "da2-2zy62jjhebflhdxwykj63lxoha"
      },
      "providerMetadata": {
        "s3TemplateURL": "https://s3.amazonaws.com/amplify-subsidiumfrontend-master-200341-deployment/amplify-cfn-templates/api/cloudformation-template.json",
        "logicalId": "apisubsidiumfrontend"
      },
      "lastPushTimeStamp": "2022-10-12T19:59:07.736Z",
      "lastPushDirHash": "zwlc0xa1yS/Vm8O3pPyYUlGurW8="
    }
  },
  "auth": {
    "users": {
      "service": "Cognito",
      "providerPlugin": "awscloudformation",
      "dependsOn": [],
      "customAuth": false,
      "frontendAuthConfig": {
        "socialProviders": [],
        "usernameAttributes": [],
        "signupAttributes": [
          "EMAIL",
          "FAMILY_NAME",
          "NAME"
        ],
        "passwordProtectionSettings": {
          "passwordPolicyMinLength": "12",
          "passwordPolicyCharacters": [
            "REQUIRES_LOWERCASE",
            "REQUIRES_UPPERCASE",
            "REQUIRES_NUMBERS",
            "REQUIRES_SYMBOLS"
          ]
        },
        "mfaConfiguration": "OFF",
        "mfaTypes": [
          "SMS"
        ],
        "verificationMechanisms": [
          "EMAIL"
        ]
      },
      "providerMetadata": {
        "s3TemplateURL": "https://s3.amazonaws.com/amplify-subsidiumfrontend-master-200341-deployment/amplify-cfn-templates/auth/users-cloudformation-template.json",
        "logicalId": "authusers"
      },
      "lastPushTimeStamp": "2022-10-12T19:59:07.738Z",
      "output": {
        "UserPoolId": "us-east-1_K6vc0ud0N",
        "AppClientIDWeb": "6caa9gqdtv0m6o8qg3opbahq4f",
        "AppClientID": "6hbb58ofojvbodluj63pqsg7fo",
        "UserPoolArn": "arn:aws:cognito-idp:us-east-1:807369105942:userpool/us-east-1_K6vc0ud0N",
        "UserPoolName": "users",
        "IdentityPoolId": "us-east-1:10a96374-24d6-4aeb-80f1-37426e816faa",
        "IdentityPoolName": "users_identitypool_43770484__master"
      },
      "lastPushDirHash": "CVN8tDOhjsyAO5+yxzBeHAVhV0E="
    }
  },
  "storage": {
    "images": {
      "service": "S3",
      "providerPlugin": "awscloudformation",
      "dependsOn": [],
      "lastPushTimeStamp": "2022-10-12T19:59:09.839Z",
      "providerMetadata": {
        "s3TemplateURL": "https://s3.amazonaws.com/amplify-subsidiumfrontend-master-200341-deployment/amplify-cfn-templates/storage/cloudformation-template.json",
        "logicalId": "storageimages"
      },
      "output": {
        "BucketName": "subsidiumfrontend0043e09c27f94c5ebd997822f58c1a200341-master",
        "Region": "us-east-1"
      },
      "lastPushDirHash": "gcWXHTg5wyBqitqf9s/TTT/nGVE="
    }
  }
}