{"v":"5.5.9","fr":29.9700012207031,"ip":0,"op":94.0000038286985,"w":320,"h":320,"nm":"Comp 1","ddd":0,"assets":[],"layers":[{"ddd":0,"ind":1,"ty":4,"nm":"Shape Layer 9","sr":1,"ks":{"o":{"a":0,"k":100,"ix":11},"r":{"a":0,"k":0,"ix":10},"p":{"a":0,"k":[159.533,158.64,0],"ix":2},"a":{"a":0,"k":[51,50.5,0],"ix":1},"s":{"a":0,"k":[100,100,100],"ix":6}},"ao":0,"shapes":[{"ty":"gr","it":[{"d":1,"ty":"el","s":{"a":0,"k":[102,102],"ix":2},"p":{"a":0,"k":[0,0],"ix":3},"nm":"Ellipse Path 1","mn":"ADBE Vector Shape - Ellipse","hd":false},{"ty":"st","c":{"a":0,"k":[0.01568627450980392,0.4823529411764706,0.8352941176470589,1],"ix":3},"o":{"a":0,"k":100,"ix":4},"w":{"a":0,"k":4,"ix":5},"lc":1,"lj":1,"ml":4,"bm":0,"nm":"Stroke 1","mn":"ADBE Vector Graphic - Stroke","hd":false},{"ty":"tr","p":{"a":0,"k":[51,50.5],"ix":2},"a":{"a":0,"k":[0,0],"ix":1},"s":{"a":0,"k":[100,100],"ix":3},"r":{"a":0,"k":0,"ix":6},"o":{"a":0,"k":100,"ix":7},"sk":{"a":0,"k":0,"ix":4},"sa":{"a":0,"k":0,"ix":5},"nm":"Transform"}],"nm":"Ellipse 1","np":3,"cix":2,"bm":0,"ix":1,"mn":"ADBE Vector Group","hd":false},{"ty":"tm","s":{"a":1,"k":[{"i":{"x":[0],"y":[1]},"o":{"x":[0.641],"y":[0]},"t":45,"s":[0]},{"i":{"x":[0.833],"y":[1]},"o":{"x":[0.167],"y":[0]},"t":70,"s":[100]},{"t":87.0000035435826,"s":[9]}],"ix":1},"e":{"a":1,"k":[{"i":{"x":[0.328],"y":[-0.46]},"o":{"x":[0.333],"y":[0]},"t":56,"s":[0]},{"i":{"x":[0.667],"y":[1]},"o":{"x":[0.784],"y":[1.785]},"t":68,"s":[45.593]},{"t":83.0000033806593,"s":[100]}],"ix":2},"o":{"a":1,"k":[{"i":{"x":[0.667],"y":[1]},"o":{"x":[0.333],"y":[0]},"t":45,"s":[0]},{"t":83.0000033806593,"s":[1084]}],"ix":3},"m":1,"ix":2,"nm":"Trim Paths 1","mn":"ADBE Vector Filter - Trim","hd":false}],"ip":45.0000018328876,"op":165.000006720588,"st":45.0000018328876,"bm":0},{"ddd":0,"ind":2,"ty":4,"nm":"Layer 2/confirmation Outlines","sr":1,"ks":{"o":{"a":0,"k":100,"ix":11},"r":{"a":0,"k":0,"ix":10},"p":{"a":0,"k":[159.533,158.64,0],"ix":2},"a":{"a":0,"k":[78,57.5,0],"ix":1},"s":{"a":1,"k":[{"i":{"x":[0,0,0.667],"y":[1,1,1]},"o":{"x":[0.4,0.4,0.333],"y":[0,0,0]},"t":54,"s":[0,0,100]},{"i":{"x":[0.32,0.32,0.667],"y":[1,1,1]},"o":{"x":[0.8,0.8,0.333],"y":[0,0,0]},"t":57,"s":[22,22,100]},{"i":{"x":[0.667,0.667,0.667],"y":[1,1,1]},"o":{"x":[0.333,0.333,0.333],"y":[0,0,0]},"t":58,"s":[20,20,100]},{"t":59.0000024031193,"s":[22,22,100]}],"ix":6}},"ao":0,"shapes":[{"ty":"gr","it":[{"ind":0,"ty":"sh","ix":1,"ks":{"a":0,"k":{"i":[[6.239,-6.248],[0,0],[0,0],[6.24,-6.248],[-6.249,-6.248],[0,0],[-4.097,0],[-3.12,3.128],[0,0],[6.247,6.248]],"o":[[0,0],[0,0],[-6.241,-6.248],[-6.249,6.248],[0,0],[3.12,3.128],[4.096,0],[0,0],[6.247,-6.248],[-6.24,-6.248]],"v":[[48.689,-50.532],[-19.999,18.148],[-48.687,-10.532],[-71.311,-10.532],[-71.311,12.092],[-31.311,52.092],[-19.999,56.78],[-8.688,52.092],[71.313,-27.908],[71.313,-50.532]],"c":true},"ix":2},"nm":"Path 1","mn":"ADBE Vector Shape - Group","hd":false},{"ty":"fl","c":{"a":0,"k":[1,1,1,1],"ix":4},"o":{"a":0,"k":100,"ix":5},"r":1,"bm":0,"nm":"Fill 1","mn":"ADBE Vector Graphic - Fill","hd":false},{"ty":"tr","p":{"a":0,"k":[77.81,57.03],"ix":2},"a":{"a":0,"k":[0,0],"ix":1},"s":{"a":0,"k":[100,100],"ix":3},"r":{"a":0,"k":0,"ix":6},"o":{"a":0,"k":100,"ix":7},"sk":{"a":0,"k":0,"ix":4},"sa":{"a":0,"k":0,"ix":5},"nm":"Transform"}],"nm":"Group 1","np":2,"cix":2,"bm":0,"ix":1,"mn":"ADBE Vector Group","hd":false}],"ip":54.0000021994651,"op":94.0000038286985,"st":54.0000021994651,"bm":0},{"ddd":0,"ind":3,"ty":4,"nm":"Capa 1/confirmation Outlines","sr":1,"ks":{"o":{"a":0,"k":100,"ix":11},"r":{"a":0,"k":0,"ix":10},"p":{"a":0,"k":[159.533,158.64,0],"ix":2},"a":{"a":0,"k":[176.25,176.25,0],"ix":1},"s":{"a":1,"k":[{"i":{"x":[0,0,0.667],"y":[1,1,1]},"o":{"x":[1,1,0.333],"y":[0,0,0]},"t":46,"s":[0,0,100]},{"t":52.0000021180034,"s":[24,24,100]}],"ix":6}},"ao":0,"shapes":[{"ty":"gr","it":[{"ind":0,"ty":"sh","ix":1,"ks":{"a":0,"k":{"i":[[-97.202,0],[0,-97.202],[97.202,0],[0,97.202]],"o":[[97.202,0],[0,97.202],[-97.202,0],[0,-97.202]],"v":[[0,-176],[176,0],[0,176],[-176,0]],"c":true},"ix":2},"nm":"Path 1","mn":"ADBE Vector Shape - Group","hd":false},{"ty":"fl","c":{"a":0,"k":[0.01568627450980392,0.4823529411764706,0.8352941176470589,1],"ix":4},"o":{"a":0,"k":100,"ix":5},"r":1,"bm":0,"nm":"Fill 1","mn":"ADBE Vector Graphic - Fill","hd":false},{"ty":"tr","p":{"a":0,"k":[176.25,176.25],"ix":2},"a":{"a":0,"k":[0,0],"ix":1},"s":{"a":0,"k":[100,100],"ix":3},"r":{"a":0,"k":0,"ix":6},"o":{"a":0,"k":100,"ix":7},"sk":{"a":0,"k":0,"ix":4},"sa":{"a":0,"k":0,"ix":5},"nm":"Transform"}],"nm":"Group 1","np":2,"cix":2,"bm":0,"ix":1,"mn":"ADBE Vector Group","hd":false}],"ip":46.0000018736184,"op":94.0000038286985,"st":47.0000019143492,"bm":0},{"ddd":0,"ind":4,"ty":4,"nm":"Shape Layer 2","sr":1,"ks":{"o":{"a":0,"k":100,"ix":11},"r":{"a":0,"k":0,"ix":10},"p":{"a":1,"k":[{"i":{"x":0.346,"y":1},"o":{"x":0.016,"y":0},"t":0,"s":[-77,158,0],"to":[12.564,0,0],"ti":[-6.083,0,0]},{"i":{"x":0.052,"y":1},"o":{"x":0.333,"y":0},"t":18,"s":[313.949,158,0],"to":[19.679,0,0],"ti":[25.158,0,0]},{"i":{"x":0,"y":1},"o":{"x":0.333,"y":0},"t":39,"s":[41.074,158,0],"to":[-0.477,0,0],"ti":[-0.009,0,0]},{"t":51.0000020772726,"s":[163,158,0]}],"ix":2},"a":{"a":0,"k":[-2,165,0],"ix":1},"s":{"a":0,"k":[100,100,100],"ix":6}},"ao":0,"shapes":[{"ty":"gr","it":[{"ind":0,"ty":"sh","ix":1,"ks":{"a":0,"k":{"i":[[1.933,0],[0,-1.933],[-1.933,0],[0,1.933]],"o":[[-1.933,0],[0,1.933],[1.933,0],[0,-1.933]],"v":[[0,-3.5],[-3.5,0],[0,3.5],[3.5,0]],"c":true},"ix":2},"nm":"Path 1","mn":"ADBE Vector Shape - Group","hd":false},{"ty":"fl","c":{"a":0,"k":[0.01568627450980392,0.4823529411764706,0.8352941176470589,1],"ix":4},"o":{"a":0,"k":100,"ix":5},"r":1,"bm":0,"nm":"Fill 1","mn":"ADBE Vector Graphic - Fill","hd":false},{"ty":"tr","p":{"a":0,"k":[-3.5,166.5],"ix":2},"a":{"a":0,"k":[0,0],"ix":1},"s":{"a":0,"k":[100,100],"ix":3},"r":{"a":0,"k":0,"ix":6},"o":{"a":0,"k":100,"ix":7},"sk":{"a":0,"k":0,"ix":4},"sa":{"a":0,"k":0,"ix":5},"nm":"Transform"}],"nm":"Ellipse 1","np":3,"cix":2,"bm":0,"ix":1,"mn":"ADBE Vector Group","hd":false}],"ip":0,"op":64.0000026067734,"st":0,"bm":0},{"ddd":0,"ind":5,"ty":4,"nm":"Shape Layer 5","sr":1,"ks":{"o":{"a":0,"k":100,"ix":11},"r":{"a":0,"k":0,"ix":10},"p":{"a":1,"k":[{"i":{"x":0.667,"y":1},"o":{"x":0.823,"y":0},"t":0,"s":[392,156,0],"to":[-59.333,0,0],"ti":[14.5,0,0]},{"i":{"x":0.667,"y":1},"o":{"x":0.333,"y":0},"t":18,"s":[36,156,0],"to":[-14.5,0,0],"ti":[-21.167,0,0]},{"i":{"x":0,"y":1},"o":{"x":0.343,"y":0},"t":39,"s":[305,156,0],"to":[21.167,0,0],"ti":[30.92,-2.254,0]},{"t":51.0000020772726,"s":[163,156,0]}],"ix":2},"a":{"a":0,"k":[-2,165,0],"ix":1},"s":{"a":0,"k":[100,100,100],"ix":6}},"ao":0,"shapes":[{"ty":"gr","it":[{"ind":0,"ty":"sh","ix":1,"ks":{"a":0,"k":{"i":[[1.933,0],[0,-1.933],[-1.933,0],[0,1.933]],"o":[[-1.933,0],[0,1.933],[1.933,0],[0,-1.933]],"v":[[0,-3.5],[-3.5,0],[0,3.5],[3.5,0]],"c":true},"ix":2},"nm":"Path 1","mn":"ADBE Vector Shape - Group","hd":false},{"ty":"fl","c":{"a":0,"k":[0.01568627450980392,0.4823529411764706,0.8352941176470589,1],"ix":4},"o":{"a":0,"k":100,"ix":5},"r":1,"bm":0,"nm":"Fill 1","mn":"ADBE Vector Graphic - Fill","hd":false},{"ty":"tr","p":{"a":0,"k":[-3.5,166.5],"ix":2},"a":{"a":0,"k":[0,0],"ix":1},"s":{"a":0,"k":[100,100],"ix":3},"r":{"a":0,"k":0,"ix":6},"o":{"a":0,"k":100,"ix":7},"sk":{"a":0,"k":0,"ix":4},"sa":{"a":0,"k":0,"ix":5},"nm":"Transform"}],"nm":"Ellipse 1","np":3,"cix":2,"bm":0,"ix":1,"mn":"ADBE Vector Group","hd":false}],"ip":0,"op":64.0000026067734,"st":0,"bm":0},{"ddd":0,"ind":6,"ty":4,"nm":"Shape Layer 8","sr":1,"ks":{"o":{"a":0,"k":100,"ix":11},"r":{"a":0,"k":0,"ix":10},"p":{"a":1,"k":[{"i":{"x":0.667,"y":1},"o":{"x":0.621,"y":0},"t":0,"s":[-71,244,0],"to":[64.5,-25.333,0],"ti":[-16.5,6.667,0]},{"i":{"x":0.667,"y":1},"o":{"x":0.333,"y":0},"t":18,"s":[316,92,0],"to":[16.5,-6.667,0],"ti":[25.5,-10.167,0]},{"i":{"x":0,"y":1},"o":{"x":0.703,"y":0},"t":39,"s":[28,204,0],"to":[-25.5,10.167,0],"ti":[-22.5,8.5,0]},{"t":51.0000020772726,"s":[163,153,0]}],"ix":2},"a":{"a":0,"k":[-2,165,0],"ix":1},"s":{"a":0,"k":[100,100,100],"ix":6}},"ao":0,"shapes":[{"ty":"gr","it":[{"ind":0,"ty":"sh","ix":1,"ks":{"a":0,"k":{"i":[[1.933,0],[0,-1.933],[-1.933,0],[0,1.933]],"o":[[-1.933,0],[0,1.933],[1.933,0],[0,-1.933]],"v":[[0,-3.5],[-3.5,0],[0,3.5],[3.5,0]],"c":true},"ix":2},"nm":"Path 1","mn":"ADBE Vector Shape - Group","hd":false},{"ty":"fl","c":{"a":0,"k":[0.01568627450980392,0.4823529411764706,0.8352941176470589,1],"ix":4},"o":{"a":0,"k":100,"ix":5},"r":1,"bm":0,"nm":"Fill 1","mn":"ADBE Vector Graphic - Fill","hd":false},{"ty":"tr","p":{"a":0,"k":[-3.5,166.5],"ix":2},"a":{"a":0,"k":[0,0],"ix":1},"s":{"a":0,"k":[100,100],"ix":3},"r":{"a":0,"k":0,"ix":6},"o":{"a":0,"k":100,"ix":7},"sk":{"a":0,"k":0,"ix":4},"sa":{"a":0,"k":0,"ix":5},"nm":"Transform"}],"nm":"Ellipse 1","np":3,"cix":2,"bm":0,"ix":1,"mn":"ADBE Vector Group","hd":false}],"ip":0,"op":64.0000026067734,"st":0,"bm":0},{"ddd":0,"ind":7,"ty":4,"nm":"Shape Layer 3","sr":1,"ks":{"o":{"a":0,"k":100,"ix":11},"r":{"a":0,"k":0,"ix":10},"p":{"a":1,"k":[{"i":{"x":0.667,"y":1},"o":{"x":0.503,"y":0},"t":0,"s":[385,258,0],"to":[-58.333,-26.333,0],"ti":[12,5.667,0]},{"i":{"x":0.618,"y":1},"o":{"x":0.797,"y":0},"t":18,"s":[35,100,0],"to":[-12,-5.667,0],"ti":[-21.333,-9.167,0]},{"i":{"x":0.058,"y":1},"o":{"x":0.496,"y":0},"t":39,"s":[313,224,0],"to":[21.333,9.167,0],"ti":[25,11.5,0]},{"t":51.0000020772726,"s":[163,155,0]}],"ix":2},"a":{"a":0,"k":[-2,165,0],"ix":1},"s":{"a":0,"k":[100,100,100],"ix":6}},"ao":0,"shapes":[{"ty":"gr","it":[{"ind":0,"ty":"sh","ix":1,"ks":{"a":0,"k":{"i":[[1.933,0],[0,-1.933],[-1.933,0],[0,1.933]],"o":[[-1.933,0],[0,1.933],[1.933,0],[0,-1.933]],"v":[[0,-3.5],[-3.5,0],[0,3.5],[3.5,0]],"c":true},"ix":2},"nm":"Path 1","mn":"ADBE Vector Shape - Group","hd":false},{"ty":"fl","c":{"a":0,"k":[0.01568627450980392,0.4823529411764706,0.8352941176470589,1],"ix":4},"o":{"a":0,"k":100,"ix":5},"r":1,"bm":0,"nm":"Fill 1","mn":"ADBE Vector Graphic - Fill","hd":false},{"ty":"tr","p":{"a":0,"k":[-3.5,166.5],"ix":2},"a":{"a":0,"k":[0,0],"ix":1},"s":{"a":0,"k":[100,100],"ix":3},"r":{"a":0,"k":0,"ix":6},"o":{"a":0,"k":100,"ix":7},"sk":{"a":0,"k":0,"ix":4},"sa":{"a":0,"k":0,"ix":5},"nm":"Transform"}],"nm":"Ellipse 1","np":3,"cix":2,"bm":0,"ix":1,"mn":"ADBE Vector Group","hd":false}],"ip":0,"op":64.0000026067734,"st":0,"bm":0},{"ddd":0,"ind":8,"ty":4,"nm":"Shape Layer 7","sr":1,"ks":{"o":{"a":0,"k":100,"ix":11},"r":{"a":0,"k":0,"ix":10},"p":{"a":1,"k":[{"i":{"x":0.065,"y":1},"o":{"x":0.296,"y":0},"t":0,"s":[271,408,0],"to":[-29.167,-65.5,0],"ti":[7.167,16.833,0]},{"i":{"x":0.667,"y":1},"o":{"x":0.333,"y":0},"t":18,"s":[96,15,0],"to":[-7.167,-16.833,0],"ti":[-11,-23.5,0]},{"i":{"x":0,"y":1},"o":{"x":0.526,"y":0},"t":39,"s":[228,307,0],"to":[11,23.5,0],"ti":[11,25.167,0]},{"t":51.0000020772726,"s":[162,156,0]}],"ix":2},"a":{"a":0,"k":[-2,165,0],"ix":1},"s":{"a":0,"k":[100,100,100],"ix":6}},"ao":0,"shapes":[{"ty":"gr","it":[{"ind":0,"ty":"sh","ix":1,"ks":{"a":0,"k":{"i":[[1.933,0],[0,-1.933],[-1.933,0],[0,1.933]],"o":[[-1.933,0],[0,1.933],[1.933,0],[0,-1.933]],"v":[[0,-3.5],[-3.5,0],[0,3.5],[3.5,0]],"c":true},"ix":2},"nm":"Path 1","mn":"ADBE Vector Shape - Group","hd":false},{"ty":"fl","c":{"a":0,"k":[0.01568627450980392,0.4823529411764706,0.8352941176470589,1],"ix":4},"o":{"a":0,"k":100,"ix":5},"r":1,"bm":0,"nm":"Fill 1","mn":"ADBE Vector Graphic - Fill","hd":false},{"ty":"tr","p":{"a":0,"k":[-3.5,166.5],"ix":2},"a":{"a":0,"k":[0,0],"ix":1},"s":{"a":0,"k":[100,100],"ix":3},"r":{"a":0,"k":0,"ix":6},"o":{"a":0,"k":100,"ix":7},"sk":{"a":0,"k":0,"ix":4},"sa":{"a":0,"k":0,"ix":5},"nm":"Transform"}],"nm":"Ellipse 1","np":3,"cix":2,"bm":0,"ix":1,"mn":"ADBE Vector Group","hd":false}],"ip":0,"op":64.0000026067734,"st":0,"bm":0},{"ddd":0,"ind":9,"ty":4,"nm":"Shape Layer 6","sr":1,"ks":{"o":{"a":0,"k":100,"ix":11},"r":{"a":0,"k":0,"ix":10},"p":{"a":1,"k":[{"i":{"x":0.124,"y":1},"o":{"x":0.333,"y":0},"t":0,"s":[90,412,0],"to":[18,-66.833,0],"ti":[-5,18.167,0]},{"i":{"x":0.44,"y":1},"o":{"x":0.333,"y":0},"t":18,"s":[198,11,0],"to":[5,-18.167,0],"ti":[6.167,-23.833,0]},{"i":{"x":0,"y":1},"o":{"x":0.703,"y":0},"t":39,"s":[120,303,0],"to":[-6.167,23.833,0],"ti":[-6.833,24.833,0]},{"t":51.0000020772726,"s":[161,154,0]}],"ix":2},"a":{"a":0,"k":[-2,165,0],"ix":1},"s":{"a":0,"k":[100,100,100],"ix":6}},"ao":0,"shapes":[{"ty":"gr","it":[{"ind":0,"ty":"sh","ix":1,"ks":{"a":0,"k":{"i":[[1.933,0],[0,-1.933],[-1.933,0],[0,1.933]],"o":[[-1.933,0],[0,1.933],[1.933,0],[0,-1.933]],"v":[[0,-3.5],[-3.5,0],[0,3.5],[3.5,0]],"c":true},"ix":2},"nm":"Path 1","mn":"ADBE Vector Shape - Group","hd":false},{"ty":"fl","c":{"a":0,"k":[0.01568627450980392,0.4823529411764706,0.8352941176470589,1],"ix":4},"o":{"a":0,"k":100,"ix":5},"r":1,"bm":0,"nm":"Fill 1","mn":"ADBE Vector Graphic - Fill","hd":false},{"ty":"tr","p":{"a":0,"k":[-3.5,166.5],"ix":2},"a":{"a":0,"k":[0,0],"ix":1},"s":{"a":0,"k":[100,100],"ix":3},"r":{"a":0,"k":0,"ix":6},"o":{"a":0,"k":100,"ix":7},"sk":{"a":0,"k":0,"ix":4},"sa":{"a":0,"k":0,"ix":5},"nm":"Transform"}],"nm":"Ellipse 1","np":3,"cix":2,"bm":0,"ix":1,"mn":"ADBE Vector Group","hd":false}],"ip":0,"op":64.0000026067734,"st":0,"bm":0},{"ddd":0,"ind":10,"ty":4,"nm":"Shape Layer 4","sr":1,"ks":{"o":{"a":0,"k":100,"ix":11},"r":{"a":0,"k":0,"ix":10},"p":{"a":1,"k":[{"i":{"x":0.667,"y":1},"o":{"x":0.71,"y":0},"t":0,"s":[372,368,0],"to":[-55.833,-54.833,0],"ti":[11,11,0]},{"i":{"x":0.573,"y":1},"o":{"x":0.333,"y":0},"t":18,"s":[37,39,0],"to":[-11,-11,0],"ti":[-20.167,-19.5,0]},{"i":{"x":0.043,"y":1},"o":{"x":0.481,"y":0},"t":39,"s":[306,302,0],"to":[20.167,19.5,0],"ti":[24.667,24.333,0]},{"t":51.0000020772726,"s":[158,156,0]}],"ix":2},"a":{"a":0,"k":[-2,165,0],"ix":1},"s":{"a":0,"k":[100,100,100],"ix":6}},"ao":0,"shapes":[{"ty":"gr","it":[{"ind":0,"ty":"sh","ix":1,"ks":{"a":0,"k":{"i":[[1.933,0],[0,-1.933],[-1.933,0],[0,1.933]],"o":[[-1.933,0],[0,1.933],[1.933,0],[0,-1.933]],"v":[[0,-3.5],[-3.5,0],[0,3.5],[3.5,0]],"c":true},"ix":2},"nm":"Path 1","mn":"ADBE Vector Shape - Group","hd":false},{"ty":"fl","c":{"a":0,"k":[0.01568627450980392,0.4823529411764706,0.8352941176470589,1],"ix":4},"o":{"a":0,"k":100,"ix":5},"r":1,"bm":0,"nm":"Fill 1","mn":"ADBE Vector Graphic - Fill","hd":false},{"ty":"tr","p":{"a":0,"k":[-3.5,166.5],"ix":2},"a":{"a":0,"k":[0,0],"ix":1},"s":{"a":0,"k":[100,100],"ix":3},"r":{"a":0,"k":0,"ix":6},"o":{"a":0,"k":100,"ix":7},"sk":{"a":0,"k":0,"ix":4},"sa":{"a":0,"k":0,"ix":5},"nm":"Transform"}],"nm":"Ellipse 1","np":3,"cix":2,"bm":0,"ix":1,"mn":"ADBE Vector Group","hd":false}],"ip":0,"op":64.0000026067734,"st":0,"bm":0},{"ddd":0,"ind":11,"ty":4,"nm":"Shape Layer 1","sr":1,"ks":{"o":{"a":0,"k":100,"ix":11},"r":{"a":0,"k":0,"ix":10},"p":{"a":1,"k":[{"i":{"x":0.667,"y":1},"o":{"x":0.636,"y":0},"t":0,"s":[-37,351,0],"to":[55.833,-54.5,0],"ti":[-12.167,12.667,0]},{"i":{"x":0.362,"y":1},"o":{"x":0.333,"y":0},"t":18,"s":[298,24,0],"to":[12.167,-12.667,0],"ti":[23.167,-21.667,0]},{"i":{"x":0,"y":1},"o":{"x":0.644,"y":0},"t":39,"s":[36,275,0],"to":[-23.167,21.667,0],"ti":[-20.5,20.167,0]},{"t":51.0000020772726,"s":[159,154,0]}],"ix":2},"a":{"a":0,"k":[-2,165,0],"ix":1},"s":{"a":0,"k":[100,100,100],"ix":6}},"ao":0,"shapes":[{"ty":"gr","it":[{"ind":0,"ty":"sh","ix":1,"ks":{"a":0,"k":{"i":[[1.933,0],[0,-1.933],[-1.933,0],[0,1.933]],"o":[[-1.933,0],[0,1.933],[1.933,0],[0,-1.933]],"v":[[0,-3.5],[-3.5,0],[0,3.5],[3.5,0]],"c":true},"ix":2},"nm":"Path 1","mn":"ADBE Vector Shape - Group","hd":false},{"ty":"fl","c":{"a":0,"k":[0.01568627450980392,0.4823529411764706,0.8352941176470589,1],"ix":4},"o":{"a":0,"k":100,"ix":5},"r":1,"bm":0,"nm":"Fill 1","mn":"ADBE Vector Graphic - Fill","hd":false},{"ty":"tr","p":{"a":0,"k":[-3.5,166.5],"ix":2},"a":{"a":0,"k":[0,0],"ix":1},"s":{"a":0,"k":[100,100],"ix":3},"r":{"a":0,"k":0,"ix":6},"o":{"a":0,"k":100,"ix":7},"sk":{"a":0,"k":0,"ix":4},"sa":{"a":0,"k":0,"ix":5},"nm":"Transform"}],"nm":"Ellipse 1","np":3,"cix":2,"bm":0,"ix":1,"mn":"ADBE Vector Group","hd":false}],"ip":0,"op":64.0000026067734,"st":0,"bm":0}],"markers":[]}